{"IcoMoonType":"selection","icons":[{"icon":{"paths":["M512 950.857c-9.143 0-18.286-3.429-25.143-10.286l-356.571-344c-4.571-4-130.286-118.857-130.286-256 0-167.429 102.286-267.429 273.143-267.429 100 0 193.714 78.857 238.857 123.429 45.143-44.571 138.857-123.429 238.857-123.429 170.857 0 273.143 100 273.143 267.429 0 137.143-125.714 252-130.857 257.143l-356 342.857c-6.857 6.857-16 10.286-25.143 10.286z"],"width":1024,"attrs":[],"isMulticolor":false,"isMulticolor2":false,"tags":["heart"],"defaultCode":61444,"grid":14},"attrs":[],"properties":{"name":"heart","id":8,"order":5,"prevSize":28,"code":61444},"setIdx":0,"setId":5,"iconIdx":8},{"icon":{"paths":["M950.857 369.714c0 10.286-7.429 20-14.857 27.429l-207.429 202.286 49.143 285.714c0.571 4 0.571 7.429 0.571 11.429 0 14.857-6.857 28.571-23.429 28.571-8 0-16-2.857-22.857-6.857l-256.571-134.857-256.571 134.857c-7.429 4-14.857 6.857-22.857 6.857-16.571 0-24-13.714-24-28.571 0-4 0.571-7.429 1.143-11.429l49.143-285.714-208-202.286c-6.857-7.429-14.286-17.143-14.286-27.429 0-17.143 17.714-24 32-26.286l286.857-41.714 128.571-260c5.143-10.857 14.857-23.429 28-23.429s22.857 12.571 28 23.429l128.571 260 286.857 41.714c13.714 2.286 32 9.143 32 26.286z"],"width":950.8571428571428,"attrs":[],"isMulticolor":false,"isMulticolor2":false,"tags":["star"],"defaultCode":61445,"grid":14},"attrs":[],"properties":{"name":"star","id":9,"order":4,"prevSize":28,"code":61445},"setIdx":0,"setId":5,"iconIdx":9},{"icon":{"paths":["M731.429 841.143c0-20-16.571-36.571-36.571-36.571s-36.571 16.571-36.571 36.571 16.571 36.571 36.571 36.571 36.571-16.571 36.571-36.571zM877.714 841.143c0-20-16.571-36.571-36.571-36.571s-36.571 16.571-36.571 36.571 16.571 36.571 36.571 36.571 36.571-16.571 36.571-36.571zM950.857 713.143v182.857c0 30.286-24.571 54.857-54.857 54.857h-841.143c-30.286 0-54.857-24.571-54.857-54.857v-182.857c0-30.286 24.571-54.857 54.857-54.857h244c15.429 42.286 56 73.143 103.429 73.143h146.286c47.429 0 88-30.857 103.429-73.143h244c30.286 0 54.857 24.571 54.857 54.857zM765.143 342.857c-5.714 13.714-18.857 22.857-33.714 22.857h-146.286v256c0 20-16.571 36.571-36.571 36.571h-146.286c-20 0-36.571-16.571-36.571-36.571v-256h-146.286c-14.857 0-28-9.143-33.714-22.857-5.714-13.143-2.857-29.143 8-39.429l256-256c6.857-7.429 16.571-10.857 25.714-10.857s18.857 3.429 25.714 10.857l256 256c10.857 10.286 13.714 26.286 8 39.429z"],"width":950.8571428571428,"attrs":[],"isMulticolor":false,"isMulticolor2":false,"tags":["upload"],"defaultCode":61587,"grid":14},"attrs":[],"properties":{"name":"upload","id":139,"order":8,"prevSize":28,"code":61587},"setIdx":0,"setId":5,"iconIdx":139},{"icon":{"paths":["M292.571 786.286v-402.286c0-10.286-8-18.286-18.286-18.286h-36.571c-10.286 0-18.286 8-18.286 18.286v402.286c0 10.286 8 18.286 18.286 18.286h36.571c10.286 0 18.286-8 18.286-18.286zM438.857 786.286v-402.286c0-10.286-8-18.286-18.286-18.286h-36.571c-10.286 0-18.286 8-18.286 18.286v402.286c0 10.286 8 18.286 18.286 18.286h36.571c10.286 0 18.286-8 18.286-18.286zM585.143 786.286v-402.286c0-10.286-8-18.286-18.286-18.286h-36.571c-10.286 0-18.286 8-18.286 18.286v402.286c0 10.286 8 18.286 18.286 18.286h36.571c10.286 0 18.286-8 18.286-18.286zM274.286 219.429h256l-27.429-66.857c-1.714-2.286-6.857-5.714-9.714-6.286h-181.143c-3.429 0.571-8 4-9.714 6.286zM804.571 237.714v36.571c0 10.286-8 18.286-18.286 18.286h-54.857v541.714c0 62.857-41.143 116.571-91.429 116.571h-475.429c-50.286 0-91.429-51.429-91.429-114.286v-544h-54.857c-10.286 0-18.286-8-18.286-18.286v-36.571c0-10.286 8-18.286 18.286-18.286h176.571l40-95.429c11.429-28 45.714-50.857 76-50.857h182.857c30.286 0 64.571 22.857 76 50.857l40 95.429h176.571c10.286 0 18.286 8 18.286 18.286z"],"width":804.5714285714286,"attrs":[],"isMulticolor":false,"isMulticolor2":false,"tags":["trash"],"defaultCode":61944,"grid":14},"attrs":[],"properties":{"name":"trash","id":459,"order":6,"prevSize":28,"code":61944},"setIdx":0,"setId":5,"iconIdx":459},{"icon":{"paths":["M512 0c-282.77 0-512 229.23-512 512s229.23 512 512 512 512-229.23 512-512-229.23-512-512-512zM704 256c35.346 0 64 28.654 64 64s-28.654 64-64 64-64-28.654-64-64 28.654-64 64-64zM320 256c35.346 0 64 28.654 64 64s-28.654 64-64 64-64-28.654-64-64 28.654-64 64-64zM704.098 780.74c-39.174-65.148-110.544-108.74-192.098-108.74-81.556 0-152.924 43.592-192.098 108.74l-82.328-49.396c55.96-93.070 157.916-155.344 274.426-155.344 116.508 0 218.464 62.274 274.426 155.344l-82.328 49.396z"],"tags":["sad","emoticon","smiley","face"],"defaultCode":59878,"grid":16,"attrs":[]},"attrs":[],"properties":{"ligatures":"sad2, emoticon8","name":"sad2","order":7,"id":231,"prevSize":32,"code":59878},"setIdx":3,"setId":1,"iconIdx":230}],"height":1024,"metadata":{"name":"icomoon"},"preferences":{"showGlyphs":true,"showQuickUse":true,"showQuickUse2":true,"showSVGs":true,"fontPref":{"prefix":"icon-","metadata":{"fontFamily":"icomoon"},"metrics":{"emSize":1024,"baseline":6.25,"whitespace":50},"embed":false},"imagePref":{"prefix":"icon-","png":true,"useClassSelector":true,"color":0,"bgColor":16777215,"classSelector":".icon"},"historySize":50,"showCodes":true,"gridSize":16}}